Hip care modeling,Injury data mining,Advanced imaging techniques,AI in arthroplasty
patient,patient,image,learn
model,injury,health,machine
hip,data,train,intelligence
learn,player,state,artificial
primary,time,use,application
preoperative,algorithm,care,decision
use,use,fracture,data
outcome,ehr,detection,arthroplasty
los,study,unite,make
predict,care,learn,medicine
base,machine,data,healthcare
machine,opioid,deep,patient
arthroplasty,learn,patient,provide
total,total,year,review
score,predict,radiograph,analysis
care,physician,physician,report
specific,visit,spend,lower
index,year,method,extremity
payment,season,accuracy,recent
risk,primary,hospital,specific
